date,open,high,low,close,volume
09:30:00,974.46,976.17,974.22,975.96,41978.0
09:31:00,976.19,976.89,975.0072,976.8048,22832.0
09:32:00,976.8183,976.8183,975.34,975.34,13811.0
09:33:00,975.81,976.24,975.2,975.41,9022.0
09:34:00,975.6,976.24,975.58,976.19,17165.0
09:35:00,976.2399,976.75,975.76,976.465,15506.0
09:36:00,976.15,977.1475,976.15,977.0406,17128.0
09:37:00,976.8324,977.77,976.83,977.5,17459.0
09:38:00,977.5157,978.68,977.5157,978.3525,20869.0
09:39:00,978.41,978.5902,977.5459,977.9692,12435.0
09:40:00,978.24,978.3,977.36,977.6,9111.0
09:41:00,977.595,977.93,976.69,977.49,13760.0
09:42:00,977.48,977.658,976.9101,977.649,5086.0
09:43:00,977.65,977.79,977.0,977.78,7260.0
09:44:00,977.5,978.4,977.5,978.06,8187.0
09:45:00,978.055,978.57,978.055,978.57,11332.0
09:46:00,978.585,979.1,978.35,978.68,10596.0
09:47:00,978.51,978.52,977.61,977.905,9406.0
09:48:00,977.6556,977.82,977.3,977.3,5020.0
09:49:00,977.71,978.18,977.29,978.18,6191.0
09:50:00,977.9046,978.96,977.9046,978.41,2850.0
09:51:00,978.5,979.32,978.43,978.6701,6767.0
09:52:00,978.763,978.99,978.52,978.99,5077.0
09:53:00,978.92,979.01,978.6201,978.86,11334.0
09:54:00,978.94,979.13,978.8901,979.11,7241.0
09:55:00,979.28,980.1799,979.2712,980.1799,15785.0
09:56:00,980.005,980.18,979.01,979.5,10817.0
09:57:00,979.5,979.53,978.52,978.82,7770.0
09:58:00,978.675,979.465,978.52,979.44,9535.0
09:59:00,979.465,980.05,979.46,980.0,10424.0
10:00:00,979.87,979.87,979.0,979.2323,3607.0
10:01:00,979.32,980.025,979.01,979.88,5503.0
10:02:00,979.88,980.08,979.5901,980.0,12359.0
10:03:00,980.16,981.03,980.0,980.58,31404.0
10:04:00,980.61,981.2,980.5101,980.92,11696.0
10:05:00,981.0,981.2,980.45,980.97,12982.0
10:06:00,980.79,981.94,980.79,981.43,17651.0
10:07:00,981.57,981.74,980.905,981.15,13485.0
10:08:00,980.99,980.99,980.42,980.5,8909.0
10:09:00,980.45,980.84,980.32,980.45,4623.0
10:10:00,980.54,980.9,980.5,980.7515,4805.0
10:11:00,980.6,980.835,980.27,980.6,5288.0
10:12:00,980.56,980.73,980.45,980.55,4822.0
10:13:00,980.46,980.8,979.83,980.0507,12911.0
10:14:00,980.0693,980.72,979.97,980.6,6030.0
10:15:00,980.62,980.74,980.3401,980.74,5088.0
10:16:00,980.74,980.87,980.49,980.685,6376.0
10:17:00,980.6628,980.84,980.51,980.735,5697.0
10:18:00,980.605,980.79,980.0,980.15,3172.0
10:19:00,980.28,980.28,979.2733,979.2981,8717.0
10:20:00,979.18,979.45,979.16,979.42,7955.0
10:21:00,979.3548,979.5,979.26,979.31,3281.0
10:22:00,979.27,979.785,979.26,979.49,3200.0
10:23:00,979.3552,980.02,979.3285,980.0,4533.0
10:24:00,979.84,979.94,979.12,979.2376,3073.0
10:25:00,979.3,979.39,979.15,979.24,840.0
10:26:00,979.18,979.33,978.84,979.33,10123.0
10:27:00,979.3473,979.95,979.3473,979.95,3050.0
10:28:00,979.73,979.73,978.8,978.8,3666.0
10:29:00,979.0405,979.37,978.3,979.26,4684.0
10:30:00,979.265,979.35,978.9,979.2,2700.0
10:31:00,979.225,979.37,978.65,979.0265,4781.0
10:32:00,978.8,978.8,978.0,978.45,6715.0
10:33:00,978.5312,978.57,977.66,977.773,6296.0
10:34:00,977.89,978.16,977.8,977.81,3267.0
10:35:00,977.99,978.17,977.84,977.9501,3012.0
10:36:00,978.1528,978.1528,977.9001,977.9001,2956.0
10:37:00,978.0,978.0,977.52,977.52,2517.0
10:38:00,977.83,977.83,977.238,977.41,4606.0
10:39:00,977.5103,977.71,977.35,977.67,2325.0
10:40:00,977.6171,977.85,977.52,977.85,3122.0
10:41:00,977.75,978.09,977.75,978.0,2855.0
10:42:00,978.0,978.42,977.91,978.1794,5346.0
10:43:00,978.11,978.45,978.11,978.2,800.0
10:44:00,978.245,978.245,977.21,977.21,3261.0
10:45:00,977.21,977.22,976.82,977.17,5509.0
10:46:00,976.96,977.0,976.7115,976.83,5065.0
10:47:00,976.78,977.47,976.78,977.3,3901.0
10:48:00,977.2401,977.42,977.2401,977.42,1300.0
10:49:00,977.41,977.97,977.38,977.38,4100.0
10:50:00,977.26,977.295,976.99,977.02,3850.0
10:51:00,977.01,977.26,977.01,977.13,2950.0
10:52:00,977.13,977.32,977.13,977.32,818.0
10:53:00,977.08,977.2,977.0,977.165,1610.0
10:54:00,977.16,977.26,977.01,977.25,5342.0
10:55:00,977.17,977.6112,977.135,977.48,2466.0
10:56:00,977.47,977.47,977.27,977.27,1200.0
10:57:00,977.27,977.51,977.15,977.51,3574.0
10:58:00,977.28,977.3,976.59,976.59,3942.0
10:59:00,976.52,976.89,976.23,976.625,3453.0
11:00:00,976.4035,976.705,976.0,976.705,4955.0
11:01:00,976.4287,976.9299,976.23,976.9299,2737.0
11:02:00,976.74,977.05,976.65,976.68,2950.0
11:03:00,976.76,977.3,976.65,977.3,2700.0
11:04:00,977.27,977.68,977.08,977.4667,9313.0
11:05:00,977.5102,977.6936,977.39,977.6936,3355.0
11:06:00,977.595,977.78,977.26,977.3,3119.0
11:07:00,977.26,977.41,977.26,977.38,745.0
11:08:00,977.24,977.86,977.24,977.86,1600.0
11:09:00,977.8,978.25,977.8,978.16,3090.0
11:10:00,978.3447,978.3447,978.01,978.33,2400.0
11:11:00,978.22,978.356,977.955,977.9977,3258.0
11:12:00,977.73,978.46,977.48,978.095,5842.0
11:13:00,978.12,978.16,977.86,977.88,900.0
11:14:00,977.877,978.03,977.61,977.7499,2138.0
11:15:00,977.42,977.42,977.13,977.38,1685.0
11:16:00,977.29,977.29,977.0,977.0,1350.0
11:17:00,976.83,976.9,976.75,976.82,800.0
11:18:00,976.8141,976.8141,976.5,976.6965,2000.0
11:19:00,976.42,977.0434,976.37,976.9024,3025.0
11:20:00,976.97,977.03,976.84,976.84,1200.0
11:21:00,977.0052,977.195,976.93,976.951,6000.0
11:22:00,976.95,976.95,976.73,976.8193,1000.0
11:23:00,976.6,976.78,976.27,976.42,2002.0
11:24:00,976.215,976.349,976.0,976.08,3935.0
11:25:00,976.0,976.13,975.351,975.55,5025.0
11:26:00,975.7652,976.4,975.6754,976.235,2500.0
11:27:00,976.585,976.92,976.3833,976.5687,2750.0
11:28:00,976.89,976.95,976.5,976.51,3045.0
11:29:00,976.19,976.48,976.19,976.4516,1200.0
11:30:00,976.63,976.97,976.33,976.56,1696.0
11:31:00,976.38,976.44,976.38,976.42,800.0
11:32:00,976.36,976.75,976.23,976.75,900.0
11:33:00,976.89,977.28,976.75,977.09,3100.0
11:34:00,977.425,977.71,977.16,977.71,4700.0
11:35:00,977.45,977.61,977.36,977.54,3661.0
11:36:00,977.65,977.875,977.35,977.36,2356.0
11:37:00,977.52,977.6405,977.37,977.47,1450.0
11:38:00,977.48,977.88,977.48,977.87,1902.0
11:39:00,977.9,977.9,977.71,977.83,2800.0
11:40:00,977.89,978.09,977.87,977.9,1920.0
11:41:00,977.8951,977.8951,977.24,977.3044,3537.0
11:42:00,977.16,977.16,977.055,977.055,400.0
11:43:00,977.12,977.12,976.83,976.9725,1300.0
11:44:00,976.83,976.9,976.7,976.9,1600.0
11:45:00,976.91,977.085,976.91,977.0544,450.0
11:46:00,977.0864,977.44,977.0864,977.375,1100.0
11:47:00,977.14,977.44,977.14,977.38,2400.0
11:48:00,,,,,
11:49:00,977.5742,977.8599,977.5742,977.8599,1445.0
11:50:00,977.74,977.8076,977.6,977.6,1415.0
11:51:00,977.7,977.7,976.94,976.94,1415.0
11:52:00,977.2816,977.2816,977.2816,977.2816,100.0
11:53:00,977.315,977.315,977.0001,977.02,1700.0
11:54:00,977.0,977.1823,976.81,977.1823,1610.0
11:55:00,976.82,977.01,976.77,976.91,808.0
11:56:00,977.12,977.19,977.04,977.04,1100.0
11:57:00,977.245,977.49,977.22,977.38,2153.0
11:58:00,977.64,977.64,977.64,977.64,100.0
11:59:00,977.44,977.5999,977.32,977.5999,500.0
12:00:00,977.34,977.69,977.34,977.69,1100.0
12:01:00,977.52,977.585,977.29,977.3707,2903.0
12:02:00,977.23,977.23,977.02,977.0276,300.0
12:03:00,977.147,977.147,977.01,977.0583,358.0
12:04:00,977.03,977.09,976.7,976.7,1600.0
12:05:00,976.86,976.86,976.7,976.73,300.0
12:06:00,976.7,976.7628,976.24,976.2911,2427.0
12:07:00,976.09,976.46,976.09,976.29,1351.0
12:08:00,976.29,976.54,976.29,976.54,1863.0
12:09:00,976.36,976.5067,976.36,976.41,800.0
12:10:00,976.47,976.85,976.4659,976.85,1205.0
12:11:00,976.72,976.72,976.51,976.51,300.0
12:12:00,976.6,976.6,976.37,976.37,601.0
12:13:00,976.54,977.1808,976.43,977.1808,1618.0
12:14:00,977.09,977.09,977.06,977.06,200.0
12:15:00,977.33,977.45,977.19,977.45,1570.0
12:16:00,977.26,977.72,977.26,977.485,1337.0
12:17:00,977.51,977.8499,977.51,977.84,1100.0
12:18:00,977.7168,977.84,977.5696,977.73,1930.0
12:19:00,977.63,977.65,977.42,977.42,1000.0
12:20:00,977.64,977.64,977.4,977.4,300.0
12:21:00,977.3,977.5373,977.3,977.4222,900.0
12:22:00,977.6011,977.72,977.6011,977.72,750.0
12:23:00,977.6728,977.83,977.46,977.5903,1356.0
12:24:00,977.82,977.82,977.44,977.44,600.0
12:25:00,977.76,977.84,977.51,977.5752,3400.0
12:26:00,977.53,977.53,977.31,977.31,1089.0
12:27:00,977.6,977.64,977.52,977.64,600.0
12:28:00,977.6357,977.6357,977.5164,977.5164,300.0
12:29:00,977.56,977.56,977.08,977.08,1763.0
12:30:00,977.28,977.28,977.05,977.13,500.0
12:31:00,977.11,977.25,977.11,977.25,1996.0
12:32:00,977.34,977.4,977.34,977.4,500.0
12:33:00,977.5,977.71,977.42,977.42,1100.0
12:34:00,977.67,977.85,977.4,977.7925,1300.0
12:35:00,977.6733,977.9,977.6733,977.9,900.0
12:36:00,977.94,977.96,977.62,977.81,2300.0
12:37:00,977.81,978.06,977.68,977.85,3094.0
12:38:00,977.8,977.8,977.8,977.8,100.0
12:39:00,977.8399,977.8399,977.7444,977.7444,200.0
12:40:00,977.89,978.0,977.89,978.0,996.0
12:41:00,978.11,978.32,977.9407,978.31,3180.0
12:42:00,978.44,978.75,978.31,978.75,2929.0
12:43:00,978.86,979.0,978.601,978.601,2415.0
12:44:00,978.79,978.95,978.6501,978.89,2399.0
12:45:00,978.815,979.09,978.8036,979.09,3753.0
12:46:00,979.1672,979.33,979.1348,979.33,2631.0
12:47:00,979.265,979.38,979.265,979.32,700.0
12:48:00,979.31,979.319,979.19,979.26,1425.0
12:49:00,979.3199,979.3199,979.11,979.15,1823.0
12:50:00,979.075,979.13,978.7905,978.8604,650.0
12:51:00,978.99,979.15,978.8201,979.0312,3090.0
12:52:00,979.01,979.1354,978.81,978.81,1935.0
12:53:00,978.8189,978.86,978.78,978.86,600.0
12:54:00,979.12,979.12,978.8757,978.8757,300.0
12:55:00,978.91,979.14,978.91,979.14,1701.0
12:56:00,979.2,979.38,979.2,979.35,2766.0
12:57:00,979.41,979.5,979.11,979.5,2096.0
12:58:00,979.402,979.402,979.3182,979.3182,450.0
12:59:00,979.3753,979.5299,979.34,979.36,2800.0
13:00:00,979.57,979.68,979.45,979.515,2203.0
13:01:00,979.61,979.66,979.51,979.66,1000.0
13:02:00,979.61,979.82,979.5,979.61,1800.0
13:03:00,979.75,979.86,979.52,979.7956,3852.0
13:04:00,979.7748,979.7856,979.5653,979.5653,900.0
13:05:00,979.46,979.65,979.4087,979.575,1343.0
13:06:00,979.5,979.5351,979.42,979.49,600.0
13:07:00,979.33,979.33,979.02,979.02,600.0
13:08:00,979.23,979.305,979.12,979.305,1535.0
13:09:00,979.47,979.47,979.25,979.29,1227.0
13:10:00,979.25,979.3,979.19,979.19,1000.0
13:11:00,979.02,979.09,978.66,978.68,7399.0
13:12:00,978.62,978.79,978.3885,978.3885,1232.0
13:13:00,978.5724,978.8,978.5724,978.62,700.0
13:14:00,978.72,978.77,978.44,978.518,1680.0
13:15:00,,,,,
13:16:00,978.85,979.15,978.85,979.15,987.0
13:17:00,978.86,979.2,978.86,978.97,1100.0
13:18:00,979.22,979.3,979.0,979.25,706.0
13:19:00,979.04,979.14,978.88,978.98,1400.0
13:20:00,979.035,979.035,978.47,978.51,2850.0
13:21:00,978.49,978.7444,978.44,978.44,1078.0
13:22:00,978.38,978.62,978.38,978.62,3276.0
13:23:00,978.38,978.6795,978.38,978.67,2000.0
13:24:00,978.82,979.0,978.67,979.0,2737.0
13:25:00,978.8492,978.8492,978.7851,978.7851,200.0
13:26:00,978.67,978.67,978.56,978.56,420.0
13:27:00,978.53,978.69,978.53,978.69,500.0
13:28:00,978.56,978.56,978.51,978.51,200.0
13:29:00,978.4616,978.4616,978.21,978.28,650.0
13:30:00,978.2,978.2,977.54,977.625,5947.0
13:31:00,977.78,977.78,977.5,977.5,1130.0
13:32:00,977.5797,977.76,977.56,977.72,1800.0
13:33:00,978.0,978.23,977.88,978.2,1400.0
13:34:00,978.2,978.33,978.11,978.18,2000.0
13:35:00,978.31,978.48,978.2085,978.48,1100.0
13:36:00,978.495,978.495,978.005,978.005,2017.0
13:37:00,978.14,978.14,977.57,977.775,1000.0
13:38:00,977.93,978.22,977.93,978.2,700.0
13:39:00,978.13,978.3634,978.08,978.08,2697.0
13:40:00,978.288,978.288,978.165,978.25,360.0
13:41:00,978.28,978.5,978.28,978.32,688.0
13:42:00,978.5,978.55,978.31,978.47,3715.0
13:43:00,978.4,978.4795,978.34,978.34,1400.0
13:44:00,978.27,978.27,978.24,978.24,800.0
13:45:00,978.3521,978.3521,978.3521,978.3521,100.0
13:46:00,978.24,978.24,978.24,978.24,100.0
13:47:00,978.22,978.29,978.06,978.29,700.0
13:48:00,978.17,978.175,978.17,978.175,300.0
13:49:00,978.24,978.24,978.21,978.21,200.0
13:50:00,978.49,978.5,978.3,978.315,900.0
13:51:00,978.39,978.39,978.39,978.39,100.0
13:52:00,978.1897,978.42,978.1275,978.3704,960.0
13:53:00,978.34,978.39,978.28,978.3152,812.0
13:54:00,978.4,978.5659,978.3758,978.5659,1214.0
13:55:00,978.65,978.65,978.44,978.4588,452.0
13:56:00,978.46,978.53,978.41,978.53,700.0
13:57:00,978.55,978.55,978.4567,978.4567,500.0
13:58:00,978.42,978.47,978.4,978.47,400.0
13:59:00,978.56,978.65,978.4,978.4,1393.0
14:00:00,978.31,978.6,978.31,978.31,900.0
14:01:00,978.58,978.67,978.45,978.55,835.0
14:02:00,978.73,978.73,978.7,978.7,500.0
14:03:00,978.72,978.74,978.69,978.74,640.0
14:04:00,978.77,979.0,978.77,978.8926,3192.0
14:05:00,978.81,978.88,978.69,978.88,1700.0
14:06:00,978.9999,979.0,978.8304,978.8407,1358.0
14:07:00,978.86,979.36,978.82,979.22,2871.0
14:08:00,979.29,979.46,979.11,979.34,6424.0
14:09:00,979.34,979.47,979.3,979.33,2700.0
14:10:00,979.4,979.57,979.311,979.49,1977.0
14:11:00,979.61,979.89,979.61,979.89,3105.0
14:12:00,979.82,979.88,979.71,979.71,2050.0
14:13:00,979.98,980.0,979.83,979.91,3919.0
14:14:00,979.74,979.79,979.645,979.765,1617.0
14:15:00,979.65,979.68,979.41,979.41,1667.0
14:16:00,979.28,979.3344,979.08,979.29,2000.0
14:17:00,979.25,979.25,979.04,979.04,650.0
14:18:00,979.15,979.24,979.0,979.0396,2144.0
14:19:00,979.27,979.38,979.01,979.08,2100.0
14:20:00,979.18,979.2531,979.01,979.01,1355.0
14:21:00,979.01,979.01,979.01,979.01,593.0
14:22:00,979.22,979.22,978.75,978.75,1529.0
14:23:00,978.64,978.69,978.64,978.65,300.0
14:24:00,978.75,978.9,978.55,978.55,1340.0
14:25:00,978.5,978.5,978.46,978.46,1000.0
14:26:00,978.288,978.288,978.22,978.22,1100.0
14:27:00,978.04,978.115,977.905,977.905,950.0
14:28:00,978.17,978.2819,978.17,978.2819,500.0
14:29:00,978.27,978.27,978.1266,978.19,600.0
14:30:00,978.22,978.22,978.04,978.1771,450.0
14:31:00,978.04,978.3526,977.975,978.3526,2300.0
14:32:00,978.4,978.47,978.29,978.29,1300.0
14:33:00,978.195,978.195,978.0,978.0,400.0
14:34:00,977.69,977.9762,977.65,977.9762,7759.0
14:35:00,977.93,978.0,977.5101,977.6,2831.0
14:36:00,977.52,977.663,977.21,977.42,2833.0
14:37:00,977.1,977.47,977.07,977.07,1300.0
14:38:00,977.23,977.3914,976.66,976.66,1696.0
14:39:00,976.73,976.82,976.35,976.8,1300.0
14:40:00,976.87,976.87,976.7001,976.82,2507.0
14:41:00,977.0,977.1147,976.75,976.86,1704.0
14:42:00,976.9899,977.2,976.83,977.2,1259.0
14:43:00,976.95,977.17,976.9384,977.03,1850.0
14:44:00,977.07,977.27,977.07,977.22,2100.0
14:45:00,977.1995,977.201,977.07,977.09,1200.0
14:46:00,977.16,977.235,977.07,977.1,1800.0
14:47:00,977.19,977.5247,977.19,977.5247,3266.0
14:48:00,977.39,977.4922,977.22,977.22,1000.0
14:49:00,977.23,977.26,977.15,977.15,1254.0
14:50:00,976.94,977.24,976.94,976.99,1202.0
14:51:00,976.98,977.33,976.96,977.33,500.0
14:52:00,977.12,977.12,977.07,977.07,200.0
14:53:00,977.01,977.19,976.93,977.1804,2202.0
14:54:00,977.35,977.36,977.0001,977.0001,1200.0
14:55:00,977.25,977.5,977.25,977.5,500.0
14:56:00,977.5646,977.5646,977.31,977.34,1105.0
14:57:00,977.49,977.73,977.49,977.73,648.0
14:58:00,,,,,
14:59:00,977.71,977.71,977.57,977.57,900.0
15:00:00,977.6799,977.6799,977.18,977.18,1835.0
15:01:00,977.19,977.524,977.09,977.524,1653.0
15:02:00,977.4749,977.53,977.3,977.53,1102.0
15:03:00,977.3603,977.3603,977.3603,977.3603,100.0
15:04:00,977.4,977.4,977.289,977.38,3014.0
15:05:00,977.31,977.4177,977.16,977.16,3831.0
15:06:00,977.41,977.55,977.12,977.34,4525.0
15:07:00,977.53,977.58,977.2701,977.2701,3967.0
15:08:00,977.5,977.76,977.5,977.54,400.0
15:09:00,977.51,977.52,977.39,977.5,3846.0
15:10:00,977.55,977.55,977.55,977.55,100.0
15:11:00,977.505,977.66,977.4397,977.4397,563.0
15:12:00,977.67,977.952,977.5305,977.85,2950.0
15:13:00,977.76,977.76,977.4964,977.58,900.0
15:14:00,977.54,977.9214,977.54,977.87,4712.0
15:15:00,977.83,978.0,977.65,977.69,2620.0
15:16:00,977.69,977.72,977.32,977.52,3632.0
15:17:00,977.55,977.65,977.39,977.4975,3787.0
15:18:00,977.54,977.825,977.54,977.825,1800.0
15:19:00,977.7,978.1,977.68,978.1,900.0
15:20:00,978.1025,978.135,977.97,978.08,1300.0
15:21:00,978.16,978.16,977.95,978.0,1629.0
15:22:00,978.07,978.24,977.9397,977.97,1715.0
15:23:00,977.8501,977.88,977.36,977.66,3729.0
15:24:00,977.9999,978.02,977.84,977.887,3008.0
15:25:00,977.9,978.21,977.9,978.2,2022.0
15:26:00,978.2,978.5799,978.2,978.46,2401.0
15:27:00,978.4575,978.5,978.33,978.5,1850.0
15:28:00,978.41,978.58,978.24,978.24,3593.0
15:29:00,978.38,978.39,978.24,978.24,2870.0
15:30:00,978.16,978.38,978.16,978.38,900.0
15:31:00,978.41,978.41,978.26,978.275,2063.0
15:32:00,978.45,978.45,977.96,977.96,1620.0
15:33:00,978.16,978.38,978.12,978.22,1240.0
15:34:00,978.22,978.22,977.9,977.98,2400.0
15:35:00,977.92,978.17,977.92,978.05,2888.0
15:36:00,978.07,978.07,977.85,977.91,1692.0
15:37:00,977.8512,977.8512,977.8512,977.8512,250.0
15:38:00,977.77,977.85,977.72,977.75,2416.0
15:39:00,977.8,978.01,977.8,977.97,2362.0
15:40:00,977.99,978.29,977.9248,978.245,1655.0
15:41:00,978.11,978.3,978.1,978.3,2614.0
15:42:00,978.21,978.55,978.15,978.39,2500.0
15:43:00,978.43,978.53,978.2825,978.37,2050.0
15:44:00,978.24,978.3696,977.94,978.31,1908.0
15:45:00,978.05,978.31,978.0376,978.29,4472.0
15:46:00,978.15,978.15,977.49,977.49,3606.0
15:47:00,977.39,977.454,977.3301,977.454,1900.0
15:48:00,977.49,977.75,977.49,977.73,1947.0
15:49:00,977.73,977.73,977.44,977.45,5000.0
15:50:00,977.59,977.59,977.33,977.54,2378.0
15:51:00,977.5548,977.629,977.32,977.34,2994.0
15:52:00,977.42,977.5,977.3323,977.39,6000.0
15:53:00,977.38,977.69,977.38,977.48,7786.0
15:54:00,977.5184,978.19,977.48,978.1789,10268.0
15:55:00,978.12,978.37,978.12,978.34,2200.0
15:56:00,978.24,978.6,978.24,978.255,8520.0
15:57:00,978.29,978.29,977.85,977.97,6027.0
15:58:00,977.9,978.26,977.9,977.9999,7656.0
15:59:00,977.89,978.44,977.88,978.44,11863.0
16:00:00,978.43,978.5,977.32,977.96,155029.0
09:30:00,983.27,983.29,983.27,983.29,58393.0
09:31:00,982.0,983.39,981.77,982.36,24482.0
09:32:00,982.635,982.7748,981.89,982.54,13530.0
09:33:00,982.46,983.61,982.16,983.51,24618.0
09:34:00,983.45,983.79,982.5,983.238,16899.0
09:35:00,983.325,983.93,982.98,983.93,16653.0
09:36:00,983.8,984.6718,983.4,983.71,28270.0
09:37:00,984.3699,984.3699,982.4,982.51,12144.0
09:38:00,982.4,982.74,980.01,981.49,22231.0
09:39:00,981.5,981.87,981.41,981.6709,6245.0
09:40:00,981.78,982.035,981.78,981.85,6619.0
09:41:00,981.93,983.09,981.93,982.95,14800.0
09:42:00,983.0,983.12,982.43,982.51,12104.0
09:43:00,982.6969,982.76,980.9,981.37,11550.0
09:44:00,981.12,982.98,981.0,982.52,12227.0
09:45:00,982.63,983.15,981.685,982.13,3715.0
09:46:00,982.21,982.21,981.0,981.12,4758.0
09:47:00,981.0615,981.63,981.0,981.6299,12069.0
09:48:00,981.63,981.63,980.56,980.56,8216.0
09:49:00,980.61,980.89,980.255,980.315,8779.0
09:50:00,980.3752,980.55,979.6,980.36,13682.0
09:51:00,979.96,979.96,979.25,979.56,5098.0
09:52:00,979.48,979.5326,978.79,979.1508,10221.0
09:53:00,979.2508,980.1,978.89,979.73,11846.0
09:54:00,979.68,980.53,979.42,979.6572,4385.0
09:55:00,979.435,980.47,979.435,979.92,9461.0
09:56:00,980.0,980.2162,979.02,979.02,7030.0
09:57:00,978.75,979.53,978.51,979.309,4897.0
09:58:00,979.2664,979.48,978.46,978.47,5754.0
09:59:00,978.77,978.95,978.63,978.83,3570.0
10:00:00,978.84,979.99,978.6652,979.77,7961.0
10:01:00,979.605,979.7947,979.155,979.28,8226.0
10:02:00,979.28,979.28,978.635,978.635,2912.0
10:03:00,978.77,978.8228,977.68,977.97,13034.0
10:04:00,977.95,978.04,977.45,977.45,7309.0
10:05:00,977.61,977.7724,976.541,976.845,8530.0
10:06:00,977.0137,977.42,976.405,976.6316,6265.0
10:07:00,976.271,976.985,976.2,976.2,7205.0
10:08:00,976.15,976.32,975.517,976.05,9206.0
10:09:00,976.01,976.465,975.78,975.83,9474.0
10:10:00,975.85,976.858,975.85,976.858,6291.0
10:11:00,977.1653,977.46,976.77,977.42,9439.0
10:12:00,977.57,978.1,977.5,978.1,11459.0
10:13:00,978.1156,978.3313,977.9188,978.2,2250.0
10:14:00,978.05,978.9,977.98,978.54,10627.0
10:15:00,978.33,978.5,978.2,978.3,3296.0
10:16:00,978.09,978.14,977.49,977.7868,3433.0
10:17:00,977.77,977.77,976.88,976.88,6500.0
10:18:00,976.92,978.1,976.92,977.97,4698.0
10:19:00,978.01,978.01,977.61,977.94,2600.0
10:20:00,978.14,978.8,978.11,978.43,4738.0
10:21:00,978.5,978.64,978.105,978.5,6335.0
10:22:00,978.57,978.7,978.13,978.37,4661.0
10:23:00,978.39,978.47,978.2,978.2,1600.0
10:24:00,978.05,978.2084,977.62,978.0,2402.0
10:25:00,978.19,978.19,977.98,978.08,2123.0
10:26:00,978.37,978.6,978.02,978.02,2595.0
10:27:00,977.98,979.07,977.765,978.71,13873.0
10:28:00,978.94,979.64,978.866,979.12,5155.0
10:29:00,979.18,979.71,979.18,979.71,2779.0
10:30:00,979.49,980.15,979.4,979.84,7119.0
10:31:00,979.64,979.69,979.042,979.2,2310.0
10:32:00,979.16,979.565,978.5,979.51,2925.0
10:33:00,979.5526,980.09,979.5526,979.83,3510.0
10:34:00,979.54,980.09,979.48,980.054,2698.0
10:35:00,979.84,980.42,979.84,980.42,4165.0
10:36:00,980.49,981.0,980.2,980.92,16472.0
10:37:00,980.86,981.0,980.34,980.81,4450.0
10:38:00,980.81,980.81,980.265,980.265,7127.0
10:39:00,980.2868,981.02,980.2868,981.02,1700.0
10:40:00,981.02,981.908,980.96,980.97,13365.0
10:41:00,980.67,981.347,980.67,980.99,5021.0
10:42:00,981.07,981.605,981.07,981.49,3900.0
10:43:00,981.59,981.65,981.38,981.53,3100.0
10:44:00,981.3601,982.3699,981.3601,982.3699,9468.0
10:45:00,982.32,982.34,981.6,982.05,8672.0
10:46:00,981.895,981.9,981.03,981.0528,3800.0
10:47:00,981.01,981.32,980.62,980.62,3300.0
10:48:00,980.8117,980.84,979.9,979.9,6334.0
10:49:00,980.19,980.5499,980.05,980.05,3219.0
10:50:00,980.05,980.256,980.05,980.256,1150.0
10:51:00,980.54,981.16,980.48,981.0,3688.0
10:52:00,981.02,981.04,980.48,980.48,1600.0
10:53:00,980.6384,980.6384,980.09,980.12,1200.0
10:54:00,980.42,980.51,979.61,979.81,4245.0
10:55:00,979.65,980.2914,979.605,980.2914,1630.0
10:56:00,980.31,980.31,980.2315,980.2315,542.0
10:57:00,980.48,981.01,980.48,980.79,1500.0
10:58:00,981.01,981.22,980.6803,980.6803,2015.0
10:59:00,980.79,981.43,980.79,981.2884,2630.0
11:00:00,981.42,981.77,981.3488,981.628,4395.0
11:01:00,981.5188,981.84,981.11,981.11,2078.0
11:02:00,981.3159,981.52,981.24,981.25,1925.0
11:03:00,981.32,981.4651,981.09,981.19,1400.0
11:04:00,981.275,981.7923,981.2,981.48,2950.0
11:05:00,981.83,981.96,981.63,981.69,2751.0
11:06:00,981.96,982.1,981.76,982.0551,4007.0
11:07:00,982.1422,982.5,982.0,982.148,8105.0
11:08:00,982.01,982.48,982.01,982.48,4052.0
11:09:00,982.5,982.69,982.31,982.5,6684.0
11:10:00,982.445,982.74,982.445,982.5,7781.0
11:11:00,982.49,982.64,982.0126,982.0126,3675.0
11:12:00,982.1548,982.29,981.7372,981.7372,2042.0
11:13:00,981.7604,982.17,981.7604,981.9203,4135.0
11:14:00,982.06,982.06,981.2785,981.43,2631.0
11:15:00,981.5364,981.66,981.5,981.66,422.0
11:16:00,981.83,981.84,981.62,981.82,1700.0
11:17:00,981.6504,982.17,981.22,981.75,5474.0
11:18:00,981.9455,982.15,981.89,981.99,2052.0
11:19:00,982.0061,982.0061,981.5,981.75,1000.0
11:20:00,981.74,981.74,981.74,981.74,100.0
11:21:00,981.8272,982.32,981.8272,982.21,1550.0
11:22:00,982.21,982.5,982.2,982.2,2256.0
11:23:00,981.88,982.0899,981.66,981.7203,1028.0
11:24:00,981.7,982.1,981.6001,982.0,2100.0
11:25:00,982.0741,982.0741,981.855,981.865,2300.0
11:26:00,981.87,981.87,981.75,981.75,500.0
11:27:00,982.0,982.08,982.0,982.0,870.0
11:28:00,982.025,982.0553,981.91,981.9586,1100.0
11:29:00,982.17,982.35,982.05,982.2762,3969.0
11:30:00,982.3064,982.59,982.2,982.58,3555.0
11:31:00,982.59,982.6496,982.36,982.6496,1430.0
11:32:00,982.37,982.73,982.37,982.595,5167.0
11:33:00,982.45,982.54,982.19,982.31,2869.0
11:34:00,982.38,982.59,982.32,982.33,1620.0
11:35:00,982.57,982.57,982.34,982.47,3025.0
11:36:00,982.1968,982.1968,982.045,982.045,400.0
11:37:00,982.03,982.03,981.4,981.57,3282.0
11:38:00,981.41,981.51,981.37,981.49,6161.0
11:39:00,981.25,981.3012,980.8623,980.95,3488.0
11:40:00,980.91,981.1592,980.9,981.13,2800.0
11:41:00,981.16,981.16,980.93,981.07,400.0
11:42:00,981.1096,981.46,981.1096,981.3174,1100.0
11:43:00,981.2564,981.34,981.11,981.11,3300.0
11:44:00,981.02,981.044,980.23,980.452,7688.0
11:45:00,980.32,980.39,980.06,980.23,5432.0
11:46:00,980.0887,980.68,980.0887,980.67,1600.0
11:47:00,980.5,980.85,980.47,980.51,1300.0
11:48:00,980.49,980.87,980.3739,980.72,3974.0
11:49:00,980.85,981.2341,980.85,980.953,1189.0
11:50:00,980.92,981.05,980.92,980.93,1820.0
11:51:00,980.68,981.0,980.6198,980.8,2400.0
11:52:00,980.8832,981.23,980.57,980.83,3502.0
11:53:00,980.76,980.92,980.76,980.92,200.0
11:54:00,980.71,980.7117,980.19,980.3137,3061.0
11:55:00,980.215,980.52,980.195,980.5,1300.0
11:56:00,980.55,980.87,980.55,980.72,1600.0
11:57:00,980.68,980.89,980.588,980.588,1443.0
11:58:00,980.7,980.94,980.7,980.81,3122.0
11:59:00,980.79,980.9399,980.6541,980.79,900.0
12:00:00,980.94,981.14,980.86,980.86,1640.0
12:01:00,980.9914,981.11,980.9914,981.1,520.0
12:02:00,981.03,981.03,980.57,980.844,800.0
12:03:00,980.75,980.9,980.75,980.9,475.0
12:04:00,980.7387,981.03,980.7387,980.86,2490.0
12:05:00,980.6,980.88,980.6,980.88,1200.0
12:06:00,980.3727,980.75,980.3727,980.48,1400.0
12:07:00,980.71,980.75,980.6255,980.74,780.0
12:08:00,980.63,981.23,980.63,981.11,1800.0
12:09:00,981.1376,981.25,981.08,981.09,2041.0
12:10:00,981.08,981.08,980.9353,980.9353,704.0
12:11:00,980.75,980.75,980.52,980.52,3300.0
12:12:00,980.69,980.76,980.24,980.3,2900.0
12:13:00,980.49,980.505,980.21,980.3957,2000.0
12:14:00,980.31,980.46,980.2,980.46,700.0
12:15:00,980.3942,980.42,980.2,980.39,500.0
12:16:00,980.57,980.62,980.4431,980.4431,1200.0
12:17:00,980.36,980.4,979.76,980.0,3775.0
12:18:00,980.3,980.3,980.15,980.15,813.0
12:19:00,980.18,980.276,980.18,980.276,375.0
12:20:00,980.3505,980.53,980.3505,980.53,333.0
12:21:00,980.56,980.8899,980.56,980.77,1925.0
12:22:00,980.72,980.83,980.72,980.82,2400.0
12:23:00,980.9,980.97,980.9,980.97,200.0
12:24:00,980.9799,980.9799,980.86,980.9,625.0
12:25:00,980.89,981.2528,980.89,981.21,4947.0
12:26:00,981.21,981.25,981.001,981.1785,2280.0
12:27:00,981.2,981.2,980.98,980.98,600.0
12:28:00,980.91,980.95,980.81,980.9202,748.0
12:29:00,980.6963,980.89,980.6963,980.74,1100.0
12:30:00,980.67,980.9,980.56,980.9,2600.0
12:31:00,980.91,981.14,980.91,981.14,1250.0
12:32:00,981.21,981.88,981.21,981.72,10801.0
12:33:00,981.6935,981.88,981.52,981.52,3498.0
12:34:00,981.56,981.65,981.25,981.25,1522.0
12:35:00,981.3374,981.3374,981.0899,981.0899,1700.0
12:36:00,980.85,981.02,980.85,981.02,1190.0
12:37:00,980.9,981.43,980.8,981.43,9184.0
12:38:00,981.42,981.64,981.42,981.5,884.0
12:39:00,981.56,981.69,981.53,981.57,1620.0
12:40:00,981.56,981.59,981.52,981.52,600.0
12:41:00,981.51,981.51,981.12,981.12,1661.0
12:42:00,981.02,981.03,980.77,980.91,5000.0
12:43:00,980.8,981.17,980.79,981.17,4175.0
12:44:00,981.02,981.15,981.02,981.065,800.0
12:45:00,981.095,981.355,981.095,981.355,400.0
12:46:00,981.315,981.37,981.2,981.2175,1000.0
12:47:00,981.14,981.35,981.14,981.345,700.0
12:48:00,981.13,981.65,980.9301,981.47,3900.0
12:49:00,981.51,981.76,981.51,981.58,3478.0
12:50:00,981.74,982.19,981.69,981.81,6696.0
12:51:00,981.81,982.18,981.81,982.05,1312.0
12:52:00,982.2,982.31,982.06,982.29,4748.0
12:53:00,982.2,982.63,982.2,982.51,8769.0
12:54:00,982.555,982.65,982.06,982.06,5700.0
12:55:00,982.1656,982.47,982.163,982.38,2851.0
12:56:00,982.28,982.53,982.14,982.205,5181.0
12:57:00,982.21,982.57,982.21,982.34,1300.0
12:58:00,982.4751,982.4751,982.26,982.26,2045.0
12:59:00,982.0994,982.1535,981.7562,981.87,2535.0
13:00:00,981.845,982.2306,981.79,982.2306,749.0
13:01:00,982.06,982.06,981.8001,981.83,1400.0
13:02:00,982.23,982.24,982.12,982.1665,1401.0
13:03:00,982.0564,982.0564,982.03,982.03,500.0
13:04:00,981.801,982.18,981.801,982.18,2500.0
13:05:00,982.32,982.45,982.1671,982.17,1665.0
13:06:00,982.335,982.45,982.14,982.14,1800.0
13:07:00,982.44,982.44,982.1303,982.1303,400.0
13:08:00,982.12,982.12,982.09,982.09,200.0
13:09:00,982.2916,982.2916,982.04,982.05,900.0
13:10:00,982.04,982.29,982.0,982.055,800.0
13:11:00,982.27,982.27,982.0101,982.02,742.0
13:12:00,982.3,982.39,982.29,982.39,700.0
13:13:00,982.05,982.05,981.81,981.82,500.0
13:14:00,981.7676,981.7676,981.5,981.6183,1298.0
13:15:00,981.5177,981.7,981.51,981.65,803.0
13:16:00,981.61,981.61,981.61,981.61,100.0
13:17:00,981.8918,981.8918,981.6,981.7408,800.0
13:18:00,981.635,982.02,981.62,981.83,2500.0
13:19:00,981.92,982.2498,981.84,982.132,3658.0
13:20:00,982.1584,982.45,982.1584,982.45,450.0
13:21:00,982.3052,982.3052,982.2728,982.2728,200.0
13:22:00,982.125,982.125,981.86,981.86,1277.0
13:23:00,981.71,981.71,981.71,981.71,100.0
13:24:00,981.8613,981.8613,981.61,981.61,1400.0
13:25:00,981.54,981.81,981.5,981.5,1033.0
13:26:00,981.36,981.7932,981.305,981.7932,3334.0
13:27:00,981.93,982.0428,981.55,981.9799,2104.0
13:28:00,981.98,982.205,981.98,982.15,767.0
13:29:00,982.098,982.21,982.01,982.01,1001.0
13:30:00,981.92,981.98,981.84,981.98,300.0
13:31:00,981.99,982.0,981.82,982.0,800.0
13:32:00,981.93,982.0,981.77,982.0,1624.0
13:33:00,982.101,982.101,982.101,982.101,100.0
13:34:00,981.9792,981.99,981.77,981.9714,1515.0
13:35:00,981.85,981.93,981.61,981.665,1847.0
13:36:00,981.5,981.67,981.5,981.602,1200.0
13:37:00,981.51,981.75,981.33,981.33,900.0
13:38:00,981.3,981.301,981.05,981.05,3248.0
13:39:00,981.1,981.26,981.1,981.23,1800.0
13:40:00,981.12,981.12,980.89,980.965,1100.0
13:41:00,980.945,981.4,980.8,981.305,3441.0
13:42:00,981.14,981.45,981.13,981.185,3500.0
13:43:00,981.3,981.575,981.29,981.5,2500.0
13:44:00,981.5,981.735,981.45,981.735,3235.0
13:45:00,981.635,981.64,981.35,981.64,2109.0
13:46:00,981.68,981.6801,981.53,981.53,325.0
13:47:00,981.45,981.54,981.13,981.32,1133.0
13:48:00,981.24,981.428,981.2,981.278,2275.0
13:49:00,981.15,981.27,980.71,980.8752,7245.0
13:50:00,980.8925,981.22,980.885,981.1,2550.0
13:51:00,981.14,981.49,981.14,981.3659,3301.0
13:52:00,981.22,981.485,981.12,981.12,1102.0
13:53:00,981.02,981.24,981.01,981.01,1140.0
13:54:00,980.935,980.941,980.8,980.94,1200.0
13:55:00,980.88,980.97,980.88,980.945,700.0
13:56:00,981.13,981.2,980.95,981.2,1106.0
13:57:00,981.0,981.0284,980.54,980.54,2690.0
13:58:00,980.51,980.6272,980.42,980.53,1523.0
13:59:00,980.6,980.636,980.34,980.375,600.0
14:00:00,980.4356,980.4356,979.9,980.0611,7878.0
14:01:00,980.07,980.29,979.93,980.05,2580.0
14:02:00,980.09,980.29,980.09,980.14,1500.0
14:03:00,979.91,979.98,979.51,979.68,2519.0
14:04:00,979.62,980.0,979.62,979.76,1800.0
14:05:00,979.91,980.15,979.88,980.05,1250.0
14:06:00,980.02,980.31,980.02,980.09,1045.0
14:07:00,980.05,980.05,979.81,979.82,1200.0
14:08:00,979.99,980.4,979.99,980.06,3000.0
14:09:00,979.84,979.84,979.64,979.76,1502.0
14:10:00,979.6644,979.79,979.41,979.79,2300.0
14:11:00,979.52,979.75,979.4404,979.75,1900.0
14:12:00,979.5666,979.93,979.5666,979.79,2124.0
14:13:00,979.59,979.7547,979.48,979.7547,1100.0
14:14:00,979.725,980.04,979.56,979.56,3000.0
14:15:00,979.69,979.9042,979.69,979.835,690.0
14:16:00,979.99,980.12,979.94,980.12,1100.0
14:17:00,980.2239,980.2732,980.07,980.08,1895.0
14:18:00,980.0,980.35,979.63,980.21,2468.0
14:19:00,980.07,980.39,980.0,980.06,1500.0
14:20:00,980.2345,980.2345,980.05,980.05,552.0
14:21:00,979.86,979.86,979.7,979.72,700.0
14:22:00,979.7,979.7,979.08,979.29,7267.0
14:23:00,979.23,979.58,979.09,979.58,900.0
14:24:00,979.48,979.52,979.06,979.32,2358.0
14:25:00,979.34,979.35,979.22,979.34,2240.0
14:26:00,979.415,979.62,979.18,979.18,1550.0
14:27:00,979.2461,979.34,979.02,979.1663,2865.0
14:28:00,979.01,979.04,978.82,978.97,3209.0
14:29:00,979.21,979.21,978.97,978.99,3699.0
14:30:00,978.99,979.26,978.9,978.99,4600.0
14:31:00,978.92,979.15,978.67,978.71,5115.0
14:32:00,978.805,978.91,978.24,978.391,10663.0
14:33:00,978.32,978.4699,978.17,978.4699,5300.0
14:34:00,978.38,978.3975,978.15,978.2388,1700.0
14:35:00,978.13,978.3,978.0,978.3,2250.0
14:36:00,978.08,978.27,977.9701,978.04,7245.0
14:37:00,978.09,978.22,978.0,978.01,1700.0
14:38:00,977.69,978.19,977.66,977.7666,2750.0
14:39:00,977.97,978.5,977.8,978.19,5634.0
14:40:00,978.385,979.2,978.19,978.885,9153.0
14:41:00,978.78,978.97,978.11,978.4,9409.0
14:42:00,978.63,978.84,978.42,978.84,4241.0
14:43:00,979.02,979.02,978.64,978.895,1300.0
14:44:00,978.77,979.079,978.73,979.079,3033.0
14:45:00,978.74,979.0,978.72,978.73,1806.0
14:46:00,979.06,979.31,978.95,978.95,2260.0
14:47:00,978.8,978.8,978.51,978.7075,1900.0
14:48:00,978.74,979.31,978.7,978.85,7708.0
14:49:00,979.055,979.18,978.9,979.1052,1300.0
14:50:00,979.18,979.31,978.89,979.31,3133.0
14:51:00,978.96,979.29,978.76,979.24,2396.0
14:52:00,979.06,979.07,978.385,978.5,5060.0
14:53:00,978.51,978.88,978.15,978.205,3874.0
14:54:00,978.27,978.61,978.27,978.44,2129.0
14:55:00,978.55,978.74,978.22,978.74,2642.0
14:56:00,978.74,978.93,978.5901,978.93,1188.0
14:57:00,978.84,978.92,978.44,978.594,1400.0
14:58:00,978.79,978.93,978.7095,978.93,1402.0
14:59:00,979.05,979.39,978.9704,979.1844,1550.0
15:00:00,978.88,979.36,978.82,979.36,900.0
15:01:00,979.19,979.371,978.53,978.63,2959.0
15:02:00,978.54,978.54,978.27,978.3532,625.0
15:03:00,978.24,978.25,977.8,978.25,4294.0
15:04:00,978.24,978.38,978.24,978.38,1107.0
15:05:00,978.47,978.6,978.3807,978.6,1500.0
15:06:00,978.4836,978.81,978.08,978.12,3120.0
15:07:00,977.75,978.134,977.74,978.1,2095.0
15:08:00,978.05,978.2485,977.53,977.53,3125.0
15:09:00,977.41,978.1843,977.36,977.6403,3835.0
15:10:00,977.8627,978.1068,977.651,978.07,7696.0
15:11:00,978.2,978.2,977.9351,978.05,3980.0
15:12:00,978.1,978.29,977.82,978.0,3976.0
15:13:00,977.99,979.1699,977.97,979.009,17534.0
15:14:00,978.85,979.7,978.77,979.6999,6800.0
15:15:00,979.63,980.0,979.37,980.0,7250.0
15:16:00,980.23,981.0,980.16,980.6,8739.0
15:17:00,980.5,980.79,980.5,980.79,2672.0
15:18:00,980.71,980.99,980.58,980.68,5344.0
15:19:00,980.88,981.12,980.8,981.12,6744.0
15:20:00,981.092,981.14,980.92,980.98,4317.0
15:21:00,981.02,981.06,980.498,980.498,7081.0
15:22:00,980.5,980.647,980.34,980.4,7767.0
15:23:00,980.405,980.405,980.35,980.4,739.0
15:24:00,980.5,980.56,980.2,980.24,4217.0
15:25:00,980.22,980.2245,979.86,979.92,5688.0
15:26:00,980.14,980.4999,980.09,980.29,4748.0
15:27:00,980.29,980.397,980.28,980.28,2000.0
15:28:00,980.3,980.3,979.845,980.185,4030.0
15:29:00,980.2019,980.27,980.1946,980.27,800.0
15:30:00,980.13,980.17,980.04,980.1,1843.0
15:31:00,980.18,980.41,980.18,980.41,2567.0
15:32:00,980.25,980.3,980.06,980.29,2180.0
15:33:00,980.27,980.51,980.27,980.51,3151.0
15:34:00,980.51,980.55,980.5,980.55,1211.0
15:35:00,980.55,980.58,980.351,980.4803,3300.0
15:36:00,980.48,980.89,980.44,980.827,6834.0
15:37:00,980.74,981.32,980.74,981.32,6142.0
15:38:00,981.32,981.45,981.06,981.06,3899.0
15:39:00,980.98,981.26,980.96,981.08,1486.0
15:40:00,981.03,981.35,981.03,981.32,4517.0
15:41:00,981.05,981.23,980.98,981.22,1000.0
15:42:00,981.09,981.35,981.09,981.15,6021.0
15:43:00,981.1388,981.33,981.05,981.05,2800.0
15:44:00,981.06,981.1899,980.98,981.1899,4910.0
15:45:00,981.21,981.25,981.1,981.25,3600.0
15:46:00,981.26,981.28,981.17,981.25,5711.0
15:47:00,981.17,981.36,981.11,981.225,4762.0
15:48:00,981.4,981.5,981.12,981.29,3155.0
15:49:00,981.15,981.31,981.07,981.15,3613.0
15:50:00,981.08,981.34,980.83,981.3,3060.0
15:51:00,981.38,981.65,981.23,981.6,12976.0
15:52:00,981.65,981.83,981.46,981.66,6575.0
15:53:00,981.61,981.61,981.25,981.37,5385.0
15:54:00,981.37,981.7,981.34,981.69,9986.0
15:55:00,981.75,981.93,981.51,981.61,12365.0
15:56:00,981.635,981.7622,981.565,981.62,9520.0
15:57:00,981.62,981.9,981.5,981.9,15623.0
15:58:00,981.91,981.93,981.57,981.68,6600.0
15:59:00,981.67,982.07,981.65,982.04,16163.0
16:00:00,981.99,982.58,981.9,982.58,135686.0
09:30:00,983.97,983.97,982.92,982.92,31946.0
09:31:00,982.98,983.605,982.34,983.39,11009.0
09:32:00,983.108,983.2319,982.02,982.76,7599.0
09:33:00,982.7994,986.0,982.7994,985.5295,31310.0
09:34:00,985.21,986.8187,985.0,985.6341,26916.0
09:35:00,985.53,985.98,983.205,984.3399,17478.0
09:36:00,984.3399,984.3399,982.0301,982.0301,24285.0
09:37:00,982.02,982.17,980.08,981.11,30774.0
09:38:00,981.04,981.4293,979.71,980.875,12981.0
09:39:00,980.66,980.9395,979.42,979.9,22544.0
09:40:00,979.5759,980.99,979.43,980.69,14381.0
09:41:00,980.74,981.5,980.74,981.23,5534.0
09:42:00,981.32,982.185,981.04,982.0,9446.0
09:43:00,981.91,981.91,981.17,981.54,9251.0
09:44:00,981.42,982.66,981.42,982.569,6970.0
09:45:00,982.66,982.85,982.07,982.74,6503.0
09:46:00,982.74,983.23,982.48,982.8975,8279.0
09:47:00,983.0,983.055,981.78,982.18,5861.0
09:48:00,982.01,982.01,981.45,982.0,2425.0
09:49:00,982.285,982.64,981.8,981.82,9705.0
09:50:00,981.7194,982.19,981.22,981.66,5988.0
09:51:00,981.77,981.77,981.55,981.64,1000.0
09:52:00,981.74,982.61,981.55,982.21,5897.0
09:53:00,982.38,982.4985,981.9,982.0,1680.0
09:54:00,982.13,982.36,981.57,982.0233,3942.0
09:55:00,982.36,983.645,982.36,983.2947,8952.0
09:56:00,983.5,985.39,983.5,984.12,15967.0
09:57:00,984.41,985.4995,984.02,985.07,14637.0
09:58:00,984.79,985.73,984.52,985.5928,15072.0
09:59:00,985.7499,985.97,984.7301,985.1,8776.0
10:00:00,985.22,986.6,985.22,986.3556,14345.0
10:01:00,986.47,986.6,985.51,986.02,6512.0
10:02:00,986.0501,986.17,985.225,985.999,9434.0
10:03:00,985.765,986.24,985.29,985.9001,4539.0
10:04:00,986.15,987.5,986.15,987.21,16516.0
10:05:00,987.407,987.75,986.5588,986.62,18474.0
10:06:00,986.8,987.66,986.69,987.27,11864.0
10:07:00,987.315,987.875,987.01,987.73,13720.0
10:08:00,987.61,987.9996,987.2075,987.6525,14904.0
10:09:00,987.41,987.75,987.18,987.61,4087.0
10:10:00,987.71,987.82,987.4722,987.73,7433.0
10:11:00,987.78,988.2,987.78,988.2,30449.0
10:12:00,988.1,988.6,987.808,988.4247,12365.0
10:13:00,988.35,988.78,988.35,988.7388,5991.0
10:14:00,988.62,988.62,988.19,988.567,4270.0
10:15:00,988.41,988.88,988.25,988.88,4844.0
10:16:00,988.67,988.83,988.18,988.22,7916.0
10:17:00,988.294,988.67,988.18,988.67,2994.0
10:18:00,988.68,988.88,988.38,988.746,4070.0
10:19:00,988.48,988.51,987.99,988.1,5599.0
10:20:00,988.02,988.1206,987.26,987.26,10866.0
10:21:00,987.34,987.68,986.86,986.87,8381.0
10:22:00,986.83,987.6,986.83,987.33,4912.0
10:23:00,987.33,987.815,987.33,987.815,2685.0
10:24:00,987.9607,988.27,987.65,987.78,8194.0
10:25:00,987.88,988.47,987.64,988.24,4276.0
10:26:00,988.2,988.469,988.13,988.13,3122.0
10:27:00,988.1201,988.2916,987.9752,987.9752,6362.0
10:28:00,987.9855,987.9855,987.39,987.49,3593.0
10:29:00,987.64,987.89,987.4,987.69,7429.0
10:30:00,987.56,987.59,987.185,987.185,3280.0
10:31:00,987.2708,988.22,987.1201,988.072,7089.0
10:32:00,988.1197,988.1197,987.61,987.855,2172.0
10:33:00,987.875,988.005,987.314,987.3331,3450.0
10:34:00,987.2671,987.53,987.2671,987.33,1392.0
10:35:00,987.82,987.82,987.25,987.416,2635.0
10:36:00,987.2801,987.5,987.24,987.3729,1850.0
10:37:00,987.2065,987.3516,987.0701,987.0701,560.0
10:38:00,987.25,987.25,986.84,987.1,5261.0
10:39:00,987.065,987.17,986.31,986.31,4678.0
10:40:00,986.32,986.5504,985.58,985.74,9882.0
10:41:00,985.54,985.8799,985.3682,985.6082,6800.0
10:42:00,985.725,985.84,985.4,985.7497,6649.0
10:43:00,985.7104,986.31,985.7104,986.05,2956.0
10:44:00,986.2899,986.32,986.0,986.0076,1909.0
10:45:00,986.135,986.22,985.32,985.32,4563.0
10:46:00,985.33,985.5,985.01,985.37,1980.0
10:47:00,985.66,985.95,985.5001,985.6237,2830.0
10:48:00,985.7728,986.19,985.7728,986.1076,4704.0
10:49:00,985.8,986.19,985.8,986.19,300.0
10:50:00,986.04,986.04,985.92,985.92,2440.0
10:51:00,986.14,986.8199,986.1,986.5,2535.0
10:52:00,986.183,986.6345,986.183,986.58,1805.0
10:53:00,986.6383,986.83,986.5332,986.576,950.0
10:54:00,986.83,987.09,986.443,987.02,6547.0
10:55:00,987.0,987.01,986.8,986.97,1080.0
10:56:00,986.99,987.16,986.81,986.92,1800.0
10:57:00,986.9573,987.209,986.63,986.63,3753.0
10:58:00,986.6393,986.79,986.53,986.79,1239.0
10:59:00,986.76,986.96,986.76,986.96,650.0
11:00:00,987.02,987.21,986.74,987.162,3700.0
11:01:00,986.9501,987.01,986.82,986.82,1000.0
11:02:00,986.85,986.95,986.79,986.84,1500.0
11:03:00,986.84,986.9099,986.52,986.77,901.0
11:04:00,986.86,986.8841,986.82,986.8841,1096.0
11:05:00,986.91,987.26,986.91,987.25,3348.0
11:06:00,987.2,987.39,987.14,987.255,2910.0
11:07:00,987.275,987.3,987.01,987.01,1400.0
11:08:00,987.25,987.94,986.91,987.94,3834.0
11:09:00,987.69,987.8399,987.47,987.66,5700.0
11:10:00,987.54,988.1,987.54,988.1,8303.0
11:11:00,988.085,988.095,987.8,988.06,2499.0
11:12:00,988.07,989.6317,988.07,989.5,55309.0
11:13:00,989.52,989.52,988.561,988.94,8393.0
11:14:00,988.97,989.155,988.78,989.1,4991.0
11:15:00,988.835,989.234,988.77,988.79,3287.0
11:16:00,988.8483,989.18,988.8483,989.0661,2497.0
11:17:00,988.98,989.2,988.97,989.15,4958.0
11:18:00,989.115,989.115,988.94,989.1025,800.0
11:19:00,989.15,989.21,988.8,988.9,2424.0
11:20:00,988.9648,988.9648,988.8,988.92,1238.0
11:21:00,988.8,988.8,988.25,988.2601,3910.0
11:22:00,988.27,988.47,988.08,988.35,1904.0
11:23:00,988.46,988.6899,988.45,988.502,3284.0
11:24:00,988.49,988.8249,988.15,988.3244,2502.0
11:25:00,988.21,988.28,987.97,987.97,4310.0
11:26:00,988.06,988.24,987.38,987.527,5298.0
11:27:00,987.59,988.0,987.58,987.77,3400.0
11:28:00,987.62,987.62,987.04,987.23,7767.0
11:29:00,987.24,987.9,987.24,987.9,1350.0
11:30:00,987.81,988.18,987.81,988.07,1050.0
11:31:00,987.9778,987.9778,987.59,987.59,1200.0
11:32:00,987.58,987.7892,987.48,987.4957,900.0
11:33:00,987.37,987.4,987.33,987.4,350.0
11:34:00,987.34,987.547,987.3,987.547,4461.0
11:35:00,987.55,987.6799,987.5492,987.6456,1824.0
11:36:00,987.77,987.9,987.77,987.9,300.0
11:37:00,987.6803,987.6803,986.42,986.525,5969.0
11:38:00,986.4587,986.688,985.69,985.965,7912.0
11:39:00,985.981,985.981,985.5,985.5,10863.0
11:40:00,985.8524,986.3,985.6259,986.3,3227.0
11:41:00,986.08,986.2208,986.02,986.145,1153.0
11:42:00,986.208,986.48,986.15,986.48,3959.0
11:43:00,986.615,986.82,986.5,986.7147,4625.0
11:44:00,986.715,986.995,986.535,986.94,4187.0
11:45:00,986.83,987.48,986.83,987.1144,9344.0
11:46:00,987.085,987.085,986.89,986.89,300.0
11:47:00,986.9482,987.23,986.655,986.655,2500.0
11:48:00,987.1194,987.21,987.04,987.07,800.0
11:49:00,987.11,987.24,987.0,987.0,800.0
11:50:00,986.85,986.86,986.6,986.6075,1300.0
11:51:00,986.33,986.38,986.27,986.3184,1040.0
11:52:00,986.3,986.44,986.18,986.18,1338.0
11:53:00,986.4617,986.4617,986.3,986.3,832.0
11:54:00,986.38,987.329,986.38,987.32,5717.0
11:55:00,987.32,988.18,987.06,988.12,6362.0
11:56:00,987.98,988.175,987.29,987.75,3100.0
11:57:00,987.8,987.99,987.5497,987.7499,3379.0
11:58:00,987.4595,987.4595,987.1,987.4,1662.0
11:59:00,987.14,987.2,987.14,987.2,700.0
12:00:00,987.24,987.24,986.23,986.4631,2856.0
12:01:00,986.16,986.9236,986.03,986.75,6494.0
12:02:00,986.985,987.22,986.775,986.935,3470.0
12:03:00,987.0,987.22,987.0,987.22,1584.0
12:04:00,987.4603,987.4603,987.4407,987.4407,200.0
12:05:00,987.5249,987.5249,987.43,987.43,450.0
12:06:00,987.2401,987.2401,987.045,987.045,302.0
12:07:00,986.84,987.24,986.84,987.24,800.0
12:08:00,987.09,987.42,987.09,987.42,200.0
12:09:00,987.56,987.68,987.305,987.44,1435.0
12:10:00,987.485,987.59,987.4028,987.4028,1200.0
12:11:00,987.475,987.68,987.344,987.344,6620.0
12:12:00,987.68,987.74,987.5544,987.65,2261.0
12:13:00,987.74,988.32,987.66,988.0688,6238.0
12:14:00,988.024,988.024,987.868,987.868,810.0
12:15:00,987.9899,988.0,987.77,988.0,3277.0
12:16:00,987.8994,987.99,987.431,987.69,3960.0
12:17:00,987.71,988.37,987.71,988.32,4836.0
12:18:00,988.315,988.63,988.17,988.465,6937.0
12:19:00,988.5635,988.68,988.19,988.22,2500.0
12:20:00,988.23,988.4,988.23,988.385,1400.0
12:21:00,988.39,988.4016,988.24,988.24,602.0
12:22:00,988.24,988.35,988.11,988.11,1019.0
12:23:00,988.08,988.335,988.07,988.07,3140.0
12:24:00,987.94,988.06,987.795,987.795,1800.0
12:25:00,987.72,987.91,987.58,987.6,2468.0
12:26:00,987.41,987.66,987.17,987.46,3461.0
12:27:00,987.41,987.41,987.41,987.41,100.0
12:28:00,987.48,987.62,987.3994,987.6,2750.0
12:29:00,987.6,987.7,987.48,987.6,4300.0
12:30:00,987.59,987.73,987.1,987.2784,3274.0
12:31:00,987.14,987.49,987.07,987.49,500.0
12:32:00,987.375,987.44,987.22,987.44,719.0
12:33:00,987.42,987.6,987.42,987.6,2800.0
12:34:00,987.95,988.19,987.885,987.93,2670.0
12:35:00,988.01,988.076,987.8625,988.076,1500.0
12:36:00,988.09,988.4,988.09,988.4,2063.0
12:37:00,988.33,988.5732,988.27,988.3889,1116.0
12:38:00,988.7532,988.7532,988.39,988.5247,950.0
12:39:00,988.64,988.6744,988.555,988.555,1650.0
12:40:00,988.75,988.8435,988.75,988.835,320.0
12:41:00,988.85,988.99,988.63,988.88,6147.0
12:42:00,988.88,989.34,988.8,989.15,10046.0
12:43:00,989.255,989.66,989.255,989.33,4980.0
12:44:00,989.46,989.68,989.45,989.68,2600.0
12:45:00,989.68,989.7692,989.51,989.6508,2465.0
12:46:00,989.72,989.85,989.35,989.85,8419.0
12:47:00,989.7732,990.66,989.68,990.285,29689.0
12:48:00,990.29,990.595,990.09,990.595,5774.0
12:49:00,990.655,990.735,990.3,990.3,5409.0
12:50:00,990.705,990.725,990.3973,990.566,1500.0
12:51:00,990.31,990.3898,989.64,989.64,1400.0
12:52:00,989.5742,989.7155,989.4,989.7155,1495.0
12:53:00,989.53,989.929,989.5046,989.8,1201.0
12:54:00,989.7584,989.7584,989.54,989.55,700.0
12:55:00,989.6452,989.6452,989.529,989.529,200.0
12:56:00,989.42,989.65,989.42,989.57,700.0
12:57:00,989.5699,989.59,989.3585,989.49,1600.0
12:58:00,989.4,989.4,989.295,989.365,1097.0
12:59:00,989.31,989.44,989.0475,989.44,3433.0
13:00:00,989.39,989.39,989.39,989.39,100.0
13:01:00,989.36,989.8999,989.25,989.8999,3386.0
13:02:00,989.76,989.84,989.4275,989.4275,2000.0
13:03:00,989.388,989.388,988.34,988.825,6732.0
13:04:00,988.5598,989.0,988.51,988.96,4260.0
13:05:00,988.795,989.17,988.76,989.17,2300.0
13:06:00,989.26,989.26,989.02,989.14,1198.0
